Movie ID,Director,Cast
1,Francis Ford Coppola,Marlon Brando
2,Francis Ford Coppola,Al Pacino
3,Robert Redford,Donald Sutherland
4,David Lean,Peter O'Toole
6,Steven Spielberg,Richard Dreyfuss
7,Sergio Leone,Henry Fonda
8,Robert Aldrich,Lee Marvin
10,Bob Fosse,Liza Minnelli
11,Alfred Hitchcock,Anthony Perkins
12,Alfred Hitchcock,Laurence Olivier
13,Alfred Hitchcock,Cary Grant
14,David Lean,William Holden
15,David Lean,Omar Sharif
16,Sergio Leone,Clint Eastwood
19,Stanley Donen,Cary Grant
20,Francis Ford Coppola,Gene Hackman
21,Alfred Hitchcock,James Stewart
22,Randal Kleiser,Brooke Shields
23,Alfred Hitchcock,Tippi Hedren
24,John Boorman,Jon Voight
25,John Badham,John Travolta
26,Sean S. Cunningham,Betsy Palmer
27,Sidney Lumet,Al Pacino
28,Alfred Hitchcock,James Stewart
30,Stanley Kramer,Spencer Tracy
31,George Cukor,Audrey Hepburn
32,Ridley Scott,Sigourney Weaver
33,George Lucas,Mark Hamill
34,Irvin Kershner,Mark Hamill
35,Brian De Palma,Sissy Spacek
36,Robert Rossen,Paul Newman
37,Sidney Lumet,Henry Fonda
38,Orson Welles,Orson Welles
39,Carol Reed,Orson Welles
40,Carol Reed,Mark Lester
41,Francis Ford Coppola,Martin Sheen
42,Alfred Hitchcock,Ray Milland
45,Joseph L. Mankiewicz,Bette Davis
47,Orson Welles,Charlton Heston
48,Mel Brooks,Cleavon Little
50,Lewis Gilbert,Roger Moore
51,Steven Spielberg,Roy Scheider
52,William Friedkin,Gene Hackman
53,William Friedkin,Ellen Burstyn
56,Wolfgang Petersen,Jürgen Prochnow
57,Federico Fellini,Marcello Mastroianni
58,Federico Fellini,Marcello Mastroianni
59,John G. Avildsen,Sylvester Stallone
60,Woody Allen,Woody Allen
61,Sidney Lumet,Al Pacino
62,Terence Young,Sean Connery
63,Stanley Kubrick,Peter Sellers
64,Franklin J. Schaffner,George C. Scott
65,Terry Gilliam,Terry Jones
66,Terry Jones,Graham Chapman
68,John Landis,John Belushi
69,Mel Brooks,Gene Wilder
70,John Sturges,Steve McQueen
71,Peter Yates,Steve McQueen
73,Guy Hamilton,Roger Moore
74,Steven Spielberg,Harrison Ford
75,Victor Fleming,King Vidor
76,Stanley Kubrick,James Mason
77,Fred Zinnemann,Burt Lancaster
78,Frank Capra,James Stewart
79,Jerome Robbins,Robert Wise
82,Richard Brooks,Elizabeth Taylor
83,John Carpenter,Donald Pleasence
84,John Sturges,Yul Brynner
85,Robert Wise,Julie Andrews
86,Elia Kazan,Marlon Brando
87,Alfred Hitchcock,Rod Taylor
88,Clyde Geronimi,Hamilton Luske
89,Billy Wilder,Jack Lemmon
90,Billy Wilder,Marilyn Monroe
92,Richard Donner,Christopher Reeve
93,Robert Altman,Donald Sutherland
94,Carl Reiner,Steve Martin
95,Stanley Kubrick,Anthony Mann
96,Stanley Kubrick,Jack Nicholson
97,Woody Allen,Woody Allen
98,Stanley Kubrick,Malcolm McDowell
101,Jim Abrahams,David Zucker
102,Billy Wilder,Fred MacMurray
104,Mike Nichols,Dustin Hoffman
105,George Roy Hill,Paul Newman
106,John Schlesinger,Dustin Hoffman
107,John Schlesinger,Dustin Hoffman
108,Alan J. Pakula,Dustin Hoffman
109,Wolfgang Reitherman,Phil Harris
110,Wolfgang Reitherman,Phil Harris
111,Martin Scorsese,Robert De Niro
112,William Wyler,Myrna Loy
115,Wolfgang Reitherman,David Hand
116,Terry Gilliam,Sean Connery
117,Guy Hamilton,Roger Moore
118,William Wyler,Barbra Streisand
119,Richard Lester,John Lennon
120,Don Siegel,Clint Eastwood
121,Jim Sharman,Tim Curry
122,Guy Hamilton,Sean Connery
123,Ken Hughes,Dick Van Dyke
124,Joshua Logan,Richard Harris
125,Richard Lester,Gene Hackman
126,Ted Berman,Richard Rich
127,Robert Stevenson,Julie Andrews
128,Franklin J. Schaffner,Charlton Heston
129,Elia Kazan,Vivien Leigh
130,Victor Fleming,George Cukor
131,Ken Annakin,Andrew Marton
132,Sam Peckinpah,William Holden
133,Clyde Geronimi,Wilfred Jackson
134,Billy Wilder,Tyrone Power
135,Stanley Kramer,Spencer Tracy
138,Martin Scorsese,Robert De Niro
139,Stanley Kubrick,Keir Dullea
140,Ronald Neame,Gene Hackman
142,Michael Cimino,Robert De Niro
143,John Landis,David Naughton
144,Arthur Hiller,Ali MacGraw
146,George Roy Hill,Paul Newman
148,Don Siegel,Clint Eastwood
149,Michael Gordon,Rock Hudson
150,John Glen,Roger Moore
151,Wolfgang Reitherman,Clyde Geronimi
152,Dennis Hopper,Peter Fonda
153,George Miller,Mel Gibson
155,Walter Hill,Michael Beck
156,John Milius,Arnold Schwarzenegger
157,Richard Donner,Gregory Peck
158,John Ford,Henry Fonda
159,Paul Bartel,David Carradine
160,Sam Raimi,Bruce Campbell
161,Akira Kurosawa,Toshirô Mifune
162,Charles Chaplin,Charles Chaplin
165,Alfred Hitchcock,Cary Grant
166,Stanley Donen,Gene Kelly
168,John Huston,Humphrey Bogart
169,Sergio Leone,Clint Eastwood
174,Frank Capra,Clark Gable
176,John Huston,Humphrey Bogart
178,Gillo Pontecorvo,Brahim Hadjadj
179,William Wyler,Charlton Heston
182,Alfred Hitchcock,Farley Granger
183,Fred Zinnemann,Gary Cooper
184,Charles Laughton,Robert Mitchum
186,Robert Clouse,Bruce Lee
187,Norman Jewison,Topol
188,Peter Bogdanovich,Timothy Bottoms
189,Robert Stevenson,Ward Kimball
190,Guy Hamilton,Sean Connery
191,Mel Stuart,Gene Wilder
192,George Lucas,Richard Dreyfuss
193,Bernardo Bertolucci,Marlon Brando
195,Franklin J. Schaffner,Steve McQueen
197,Sidney Lumet,Albert Finney
198,Franco Zeffirelli,Leonard Whiting
199,Colin Higgins,Jane Fonda
202,Howard Hawks,John Wayne
203,David Lynch,Jack Nance
205,Charles Chaplin,Charles Chaplin
206,George A. Romero,David Emge
207,Tobe Hooper,Marilyn Burns
209,Fritz Lang,Brigitte Helm
212,Martin Scorsese,Robert De Niro
214,Sergio Leone,Clint Eastwood
215,Alan Parker,Brad Davis
216,Sydney Pollack,Robert Redford
217,Stuart Rosenberg,Paul Newman
218,Tod Browning,Wallace Ford
220,Robert Benton,Dustin Hoffman
221,Merian C. Cooper,Ernest B. Schoedsack
222,William Cottrell,David Hand
223,Terence Young,Sean Connery
224,Alejandro Jodorowsky,Alejandro Jodorowsky
225,Michael Anderson,Michael York
226,Stuart Rosenberg,Robert Redford
227,Milos Forman,John Savage
228,Akira Kurosawa,Toshirô Mifune
229,Clint Eastwood,Clint Eastwood
232,John Carpenter,Kurt Russell
233,Terence Young,Sean Connery
235,Akira Kurosawa,Takashi Shimura
236,Peter R. Hunt,George Lazenby
238,Mel Brooks,Mel Brooks
239,John Boorman,Nigel Terry
241,Philip Kaufman,Donald Sutherland
242,Jeannot Szwarc,Roy Scheider
243,Franco Zeffirelli,Brooke Shields
244,Robert Altman,Elliott Gould
246,Robert Wise,William Shatner
247,Desmond Davis,Laurence Olivier
248,Richard Fleischer,Charlton Heston
249,Lewis Milestone,Frank Sinatra
250,John Ford,Henry Hathaway
251,Roger Donaldson,Tom Cruise
252,John Landis,Steve Martin
253,Ron Howard,Tom Hanks
254,Brian De Palma,Al Pacino
255,Howard Deutch,Molly Ringwald
256,Barry Levinson,Robin Williams
257,Paul Michael Glaser,Arnold Schwarzenegger
258,Alan J. Pakula,Meryl Streep
259,Sydney Pollack,Meryl Streep
260,John Hughes,Anthony Michael Hall
261,Martin Scorsese,Robert De Niro
262,Frank Oz,Rick Moranis
263,Rob Reiner,Wil Wheaton
264,Oliver Stone,Charlie Sheen
265,Richard Attenborough,Ben Kingsley
266,Kevin Reynolds,Kevin Costner
267,Richard Donner,Sean Astin
268,Michael Pressman,Paige Turco
269,Oliver Stone,Val Kilmer
270,Andrei Tarkovsky,Alisa Freyndlikh
271,Giuseppe Tornatore,Philippe Noiret
272,John Carpenter,Kurt Russell
273,Herbert Ross,Kevin Bacon
274,Jonathan Demme,Jodie Foster
275,James Cameron,Arnold Schwarzenegger
276,Ron Underwood,Billy Crystal
277,Richard Donner,Mel Gibson
278,Robert Zemeckis,Michael J. Fox
279,Martin Brest,Eddie Murphy
280,Ron Howard,Kurt Russell
281,Frank Oz,Bill Murray
282,Joel Schumacher,Jason Patric
283,Ridley Scott,Harrison Ford
284,Sydney Pollack,Dustin Hoffman
285,Adrian Lyne,Michael Douglas
286,Joe Johnston,Billy Campbell
287,Kathryn Bigelow,Patrick Swayze
288,Roland Joffé,Sam Waterston
289,Ridley Scott,Susan Sarandon
290,Jeremiah S. Chechik,Chevy Chase
291,Paul Brickman,Tom Cruise
292,George Miller,Mel Gibson
293,Tony Scott,Tom Cruise
294,Tim Burton,Alec Baldwin
295,Steven Soderbergh,James Spader
296,Jim Abrahams,Charlie Sheen
297,John Hughes,Molly Ringwald
298,Martin Brest,Robert De Niro
299,Milos Forman,F. Murray Abraham
300,John Hughes,Matthew Broderick
301,Robert Zemeckis,Michael J. Fox
302,James Cameron,Sigourney Weaver
303,Alan Parker,Gene Hackman
304,Kevin Costner,Kevin Costner
305,Richard Marquand,Mark Hamill
306,Irvin Kershner,Peter Weller
307,Paul Verhoeven,Peter Weller
308,Tim Burton,Johnny Depp
309,John Hughes,Emilio Estevez
310,Jerry Zucker,Patrick Swayze
311,Emile Ardolino,Patrick Swayze
312,Robert Zemeckis,Bob Hoskins
313,Wes Craven,Heather Langenkamp
314,Chuck Russell,Heather Langenkamp
315,Tim Burton,Michael Keaton
316,Francis Ford Coppola,Al Pacino
317,Garry Marshall,Richard Gere
318,Martin Scorsese,Robert De Niro
319,Rob Reiner,Cary Elwes
320,Nicholas Meyer,William Shatner
321,John Glen,Roger Moore
322,Robert Zemeckis,Michael J. Fox
323,Peter Weir,Robin Williams
324,Wim Wenders,Bruno Ganz
325,David Lynch,Kyle MacLachlan
326,Brian De Palma,Kevin Costner
327,Paul Verhoeven,Arnold Schwarzenegger
328,John McTiernan,Arnold Schwarzenegger
329,Stephen Hopkins,Danny Glover
330,Charles Crichton,John Cleese
331,Bruce Beresford,Morgan Freeman
332,Ivan Reitman,Bill Murray
333,Ivan Reitman,Bill Murray
334,Stephen Frears,Glenn Close
335,Steven Spielberg,Harrison Ford
336,Richard Donner,Mel Gibson
337,Chris Columbus,Macaulay Culkin
338,John Hughes,John Candy
339,Rob Reiner,Rob Reiner
340,Steven Spielberg,Christian Bale
341,John McTiernan,Bruce Willis
342,Renny Harlin,Bruce Willis
343,Gary Trousdale,Kirk Wise
344,David Lynch,Isabella Rossellini
345,Robert Mulligan,Sam Waterston
346,Mel Brooks,Mel Brooks
347,Joe Johnston,Rick Moranis
348,Philip Kaufman,Sam Shepard
349,Mike Nichols,Melanie Griffith
350,Tobe Hooper,JoBeth Williams
351,Steven Spielberg,Henry Thomas
352,Terry Gilliam,Jonathan Pryce
353,Michael Mann,William Petersen
354,Tim Burton,Paul Reubens
355,Peter Weir,Harrison Ford
356,Oliver Stone,Tom Cruise
357,Cameron Crowe,John Cusack
358,Oliver Stone,Kevin Costner
359,David Fincher,Sigourney Weaver
360,Stanley Kubrick,Matthew Modine
361,Jim Abrahams,David Zucker
362,John Hughes,Steve Martin
363,Hayao Miyazaki,Sumi Shimamoto
364,Spike Lee,Danny Aiello
365,Norman Jewison,Cher
366,Amy Heckerling,John Travolta
367,Sam Raimi,Bruce Campbell
368,Stephen Herek,Keanu Reeves
369,Barry Sonnenfeld,Anjelica Huston
370,Penelope Spheeris,Mike Myers
371,Hugh Wilson,Steve Guttenberg
372,Jerry Paris,James Signorelli
373,Jerry Paris,Steve Guttenberg
374,Jon Avnet,Kathy Bates
375,Terry Gilliam,John Neville
376,John Singleton,Cuba Gooding Jr.
377,Penny Marshall,Tom Hanks
378,Sergio Leone,Robert De Niro
379,Ridley Scott,Tom Cruise
380,Lewis Teague,Dee Wallace
381,Tom Holland,Chris Sarandon
382,Rob Reiner,Billy Crystal
383,Howard Zieff,Anna Chlumsky
384,Rob Reiner,James Caan
385,James Cameron,Arnold Schwarzenegger
386,John Glen,Timothy Dalton
387,Phil Alden Robinson,Kevin Costner
388,Garry Marshall,Bette Midler
389,James Cameron,Ed Harris
390,John Landis,Eddie Murphy
391,Mark L. Lester,Arnold Schwarzenegger
392,Taylor Hackford,Richard Gere
393,James L. Brooks,Shirley MacLaine
394,Alan Parker,Mickey Rourke
395,John McTiernan,Sean Connery
396,David Zucker,Leslie Nielsen
397,Adrian Lyne,Tim Robbins
398,Wolfgang Petersen,Noah Hathaway
399,Arthur Hiller,Richard Pryor
400,Robert Zemeckis,Michael Douglas
401,Lewis Teague,Michael Douglas
402,Paul Verhoeven,Michael Douglas
403,Clive Barker,Andrew Robinson
404,John Glen,Timothy Dalton
405,Brian De Palma,Craig Wasson
406,John Glen,Roger Moore
407,Luis Valdez,Lou Diamond Phillips
408,Russell Mulcahy,Christopher Lambert
409,Oliver Stone,Charlie Sheen
410,David Lynch,Nicolas Cage
411,Francis Ford Coppola,C. Thomas Howell
412,John G. Avildsen,Ralph Macchio
413,John G. Avildsen,Pat Morita
414,John Badham,Matthew Broderick
415,John Badham,Ally Sheedy
416,Ted Kotcheff,Sylvester Stallone
417,Ingmar Bergman,Bertil Guve
418,Wim Wenders,Harry Dean Stanton
419,Sylvester Stallone,Sylvester Stallone
420,Sylvester Stallone,Sylvester Stallone
421,John G. Avildsen,Sylvester Stallone
422,George P. Cosmatos,Sylvester Stallone
423,Menahem Golan,Sylvester Stallone
424,Albert Pyun,Jean-Claude Van Damme
425,Steven Spielberg,Richard Dreyfuss
426,Joe Dante,John Landis
427,Barry Levinson,Dustin Hoffman
428,Steven Spielberg,Dustin Hoffman
429,Michael Radford,John Hurt
430,Martin Scorsese,Robert De Niro
431,Steven Spielberg,Harrison Ford
432,John Landis,Eddie Murphy
433,Penny Marshall,Robert De Niro
434,George Miller,George Ogilvie
435,Katsuhiro Ôtomo,Mitsuo Iwata
436,David Cronenberg,Jeff Goldblum
437,Edward Zwick,Matthew Broderick
438,Herbert Ross,Shirley MacLaine
439,John Carpenter,Keith Gordon
440,Luc Besson,Anne Parillaud
441,Ron Howard,Tom Cruise
442,Ron Clements,John Musker
443,Jim Sheridan,Daniel Day-Lewis
444,Lawrence Kasdan,Tom Berenger
445,Alan Parker,Bob Geldof
446,Patricia Birch,Michelle Pfeiffer
447,Adrian Lyne,Jennifer Beals
448,Joel Coen,Ethan Coen
449,Frank Marshall,Jeff Daniels
450,Joel Coen,Ethan Coen
451,Emile Ardolino,Whoopi Goldberg
452,Steven Spielberg,Danny Glover
453,Ron Shelton,Kevin Costner
454,Michael Lehmann,Winona Ryder
455,Philip Kaufman,Daniel Day-Lewis
456,Harold Ramis,Chevy Chase
457,Ramón Menéndez,Edward James Olmos
458,Sidney J. Furie,Christopher Reeve
459,Richard Lester,Christopher Reeve
460,Roland Joffé,Robert De Niro
461,Bernardo Bertolucci,John Lone
462,Gus Van Sant,River Phoenix
463,Tony Scott,Tom Cruise
465,Terry Gilliam,Jeff Bridges
466,Christopher Cain,Emilio Estevez
467,Jonathan Lynn,Joe Pesci
468,Phillip Noyce,Nicole Kidman
469,Ivan Reitman,Arnold Schwarzenegger
470,Warren Beatty,Warren Beatty
472,Jim Henson,David Bowie
473,Bob Clark,Peter Billingsley
474,Amy Heckerling,Sean Penn
475,Steve Barron,Judith Hoag
476,Harry Hook,Balthazar Getty
477,John Waters,Johnny Depp
478,John Harrison,Debbie Harry
479,Sheldon Lettich,Jean-Claude Van Damme
480,Nicolas Roeg,Anjelica Huston
481,Richard Benjamin,Cher
482,Joel Schumacher,Kiefer Sutherland
483,Mike Figgis,Richard Gere
484,Roger Spottiswoode,Mel Gibson
485,John Carpenter,Kurt Russell
486,Irvin Kershner,Sean Connery
487,Mark DiSalle,David Worth
488,John Landis,Chevy Chase
489,David Cronenberg,Christopher Walken
490,James Ivory,Maggie Smith
491,Rowdy Herrington,Patrick Swayze
492,Steven Lisberger,Jeff Bridges
493,Ron Howard,Val Kilmer
494,Jonathan Lynn,Eileen Brennan
495,Jeff Kanew,Robert Carradine
496,Joe Dante,Tom Hanks
497,David S. Ward,Tom Berenger
498,Lawrence Kasdan,Kevin Kline
499,Ron Underwood,Kevin Bacon
500,Don Bluth,Pat Hingle
501,Wes Anderson,Luke Wilson
502,Amy Heckerling,Alicia Silverstone
503,Michael Mann,Al Pacino
504,Joel Schumacher,Val Kilmer
505,Brian De Palma,Tom Cruise
506,Harold Ramis,Bill Murray
507,Frank Darabont,Tim Robbins
508,Robert Zemeckis,Jodie Foster
509,Jan de Bont,Keanu Reeves
510,Mike Figgis,Nicolas Cage
511,Ron Howard,Tom Hanks
512,James Cameron,Leonardo DiCaprio
513,Joel Coen,Ethan Coen
514,Steven Spielberg,Liam Neeson
515,Luc Besson,Bruce Willis
516,Luc Besson,Jean Reno
517,Roger Allers,Rob Minkoff
518,John McTiernan,Bruce Willis
519,John Woo,John Travolta
520,Curtis Hanson,Kevin Spacey
521,Gregory Hoblit,Richard Gere
522,Martin Scorsese,Robert De Niro
523,Don Bluth,Gary Goldman
524,Nora Ephron,Tom Hanks
525,Richard Donner,Mel Gibson
526,Roland Emmerich,Kurt Russell
527,Jonathan Frakes,Patrick Stewart
528,Ang Lee,Emma Thompson
529,Mike Newell,Hugh Grant
530,John Lasseter,Tom Hanks
531,Gus Van Sant,Robin Williams
532,Thomas Carter,Robert Sean Leonard
533,Andrew Niccol,Ethan Hawke
534,P.J. Hogan,Toni Collette
535,Andrew Davis,Harrison Ford
536,Bryan Singer,Kevin Spacey
537,Robert De Niro,Robert De Niro
538,James Cameron,Arnold Schwarzenegger
539,Martin Campbell,Pierce Brosnan
540,Renny Harlin,Sylvester Stallone
541,Wes Craven,Neve Campbell
542,David Fincher,Morgan Freeman
543,Chuck Russell,Jim Carrey
544,Chuck Russell,Arnold Schwarzenegger
546,David Fincher,Michael Douglas
547,Tim Burton,Jack Nicholson
548,Lars von Trier,Emily Watson
549,Anthony Minghella,Ralph Fiennes
550,Chris Columbus,Macaulay Culkin
551,Jean-Pierre Jeunet,Sigourney Weaver
552,Kenneth Branagh,Robert De Niro
554,Jan de Bont,Helen Hunt
555,Steven Spielberg,Sam Neill
556,Frank Marshall,Ethan Hawke
557,P.J. Hogan,Julia Roberts
558,Cameron Crowe,Tom Cruise
559,F. Gary Gray,Ice Cube
560,Jane Campion,Holly Hunter
561,Spike Lee,Denzel Washington
562,Edward Zwick,Brad Pitt
563,Martin Brest,Al Pacino
564,Roger Spottiswoode,Pierce Brosnan
565,James Ivory,Anthony Hopkins
566,Chris Noonan,James Cromwell
567,Dennis Dugan,Adam Sandler
568,Mark Jones,Warwick Davis
569,Robert Zemeckis,Tom Hanks
571,Oliver Stone,Woody Harrelson
572,Wolfgang Petersen,Dustin Hoffman
573,John McTiernan,Arnold Schwarzenegger
574,Steven Spielberg,Jeff Goldblum
575,Baz Luhrmann,Leonardo DiCaprio
576,David Mickey Evans,Tom Guiry
578,Taylor Hackford,Keanu Reeves
579,Francis Ford Coppola,Matt Damon
580,Joel Schumacher,Matthew McConaughey
581,Quentin Tarantino,John Travolta
582,Mick Jackson,Kevin Costner
583,David Cronenberg,James Spader
584,Henry Selick,Danny Elfman
585,Kevin Smith,Brian O'Halloran
586,Rob Reiner,Tom Cruise
587,Danny Boyle,Ewan McGregor
588,Iain Softley,Jonny Lee Miller
589,Tom Shadyac,Jim Carrey
590,Penelope Spheeris,Travis Tedford
591,Richard Linklater,Jason London
592,Mel Gibson,Mel Gibson
593,Bryan Spicer,Karan Ashley
594,Gary Trousdale,Kirk Wise
595,Ron Clements,John Musker
596,Tim Burton,Michael Keaton
597,Marco Brambilla,Sylvester Stallone
598,Roland Emmerich,Will Smith
599,David Lynch,Bill Pullman
600,David Lynch,Sheryl Lee
601,Jay Roach,Mike Myers
602,Robert Zemeckis,Meryl Streep
603,Simon West,Nicolas Cage
605,Jean-Jacques Annaud,Brad Pitt
606,Phil Alden Robinson,Robert Redford
607,Peter Farrelly,Bobby Farrelly
608,Barry Sonnenfeld,Tommy Lee Jones
609,Mike Newell,Al Pacino
610,Betty Thomas,Shelley Long
611,Barry Sonnenfeld,Anjelica Huston
612,Steven E. de Souza,Jean-Claude Van Damme
613,Phillip Noyce,Harrison Ford
614,Michael Bay,Sean Connery
615,Tim Robbins,Susan Sarandon
616,Andrew Fleming,Robin Tunney
617,Kevin Costner,Kevin Costner
618,Albert Hughes,Allen Hughes
619,Paul W.S. Anderson,Laurence Fishburne
620,Lasse Hallström,Johnny Depp
621,Mark A.Z. Dippé,Michael Jai White
622,Taylor Hackford,Kathy Bates
623,Tim Burton,Johnny Depp
624,Billy Bob Thornton,Billy Bob Thornton
625,Chris Columbus,Robin Williams
626,Joe Johnston,Robin Williams
627,Joel Schumacher,Michael Douglas
628,Paul Verhoeven,Casper Van Dien
629,Robert Redford,Craig Sheffer
630,Wolfgang Petersen,Harrison Ford
631,Jim Gillespie,Jennifer Love Hewitt
632,Barry Levinson,Dustin Hoffman
633,Barry Levinson,Robert De Niro
634,Roger Donaldson,Pierce Brosnan
635,Brian De Palma,Al Pacino
636,Neil Jordan,Brad Pitt
637,Paul W.S. Anderson,Christopher Lambert
638,John R. Leonetti,Robin Shou
639,Tom Shadyac,Eddie Murphy
640,Sydney Pollack,Tom Cruise
641,Terry Gilliam,Bruce Willis
642,Clint Eastwood,Clint Eastwood
643,Michael Bay,Will Smith
644,Stephen Herek,Glenn Close
645,Richard Linklater,Ethan Hawke
646,Tom Shadyac,Jim Carrey
647,Paul Thomas Anderson,Mark Wahlberg
648,Tom Hanks,Tom Hanks
649,Stuart Gillard,Elias Koteas
650,Wes Craven,Heather Langenkamp
651,Hayao Miyazaki,Hitoshi Takagi
653,Jon Turteltaub,Sandra Bullock
654,Geoff Murphy,Steven Seagal
655,Brian Levant,John Goodman
656,Andrew Bergman,Demi Moore
658,Kenneth Branagh,Kenneth Branagh
659,Francis Ford Coppola,Robin Williams
660,Jim Sheridan,Daniel Day-Lewis
661,Ridley Scott,Demi Moore
662,Kevin Reynolds,Kevin Costner
663,Mike Gabriel,Eric Goldberg
664,Roger Donaldson,Natasha Henstridge
665,Stephen Kessler,Chevy Chase
666,Clint Eastwood,Clint Eastwood
668,Michael Mann,Daniel Day-Lewis
669,Alex Proyas,Brandon Lee
670,Jonathan Demme,Tom Hanks
672,Gregory Nava,Jennifer Lopez
673,Lesli Linka Glatter,Christina Ricci
674,Taylor Hackford,Damian Chapa
675,John N. Smith,Michelle Pfeiffer
676,Brad Silberling,Bill Pullman
677,Ron Clements,John Musker
678,Nick Castle,Walter Matthau
679,Robert Rodriguez,Antonio Banderas
680,Emir Kusturica,Predrag 'Miki' Manojlovic
681,Kevin Smith,Shannen Doherty
682,Kevin Smith,Ben Affleck
684,Steve Oedekerk,Jim Carrey
685,Agnieszka Holland,Kate Maberly
687,Clint Eastwood,Clint Eastwood
688,Rob Cohen,Dennis Quaid
689,Penny Marshall,Tom Hanks
690,James Foley,Al Pacino
691,David Anspaugh,Sean Astin
692,Joel Schumacher,Susan Sarandon
693,Phillip Noyce,Harrison Ford
694,Gillian Armstrong,Susan Sarandon
695,Paul Verhoeven,Elizabeth Berkley
696,Nicholas Hytner,Daniel Day-Lewis
698,Jeremiah S. Chechik,Johnny Depp
699,Gary Fleder,Morgan Freeman
700,Steven Spielberg,Djimon Hounsou
701,Luis Llosa,Jon Voight
702,Martin Scorsese,Daniel Day-Lewis
703,Mizuho Nishikubo,Mamoru Oshii
704,Francis Ford Coppola,Gary Oldman
705,Scott Kalvert,Leonardo DiCaprio
706,Krzysztof Kieslowski,Irène Jacob
707,Bobby Farrelly,Peter Farrelly
708,Robert Benton,Paul Newman
709,Lawrence Kasdan,Kevin Costner
710,Stephan Elliott,Hugo Weaving
711,Peter Jackson,Melanie Lynskey
712,Stephen Sommers,Jason Scott Lee
714,Joel Schumacher,Arnold Schwarzenegger
715,Joe Pytka,Michael Jordan
716,Ben Stiller,Jim Carrey
717,George P. Cosmatos,Kevin Jarre
718,George Miller,Nick Nolte
719,Dominic Sena,Brad Pitt
720,Kathryn Bigelow,Ralph Fiennes
721,Robert Longo,Keanu Reeves
722,Sam Raimi,Bruce Campbell
723,Doug Liman,Vince Vaughn
724,Richard Attenborough,Robert Downey Jr.
725,Robert Rodriguez,Harvey Keitel
726,Jon Turteltaub,John Candy
727,John Woo,John Travolta
728,Lana Wachowski,Lilly Wachowski
729,Harmony Korine,Nick Sutton
730,Richard Donner,Mel Gibson
731,Mel Brooks,Cary Elwes
732,Wes Craven,Neve Campbell
733,Steve Barron,Dan Aykroyd
734,Peter Segal,Chris Farley
735,Tamra Davis,Adam Sandler
736,Jan de Bont,Sandra Bullock
737,Wolfgang Petersen,Clint Eastwood
738,Sam Weisman,Brendan Fraser
739,Paris Barclay,Shawn Wayans
740,Gary Sinise,John Malkovich
741,Stephen Hopkins,Michael Douglas
742,Peter Cattaneo,Robert Carlyle
743,Ivan Reitman,Kevin Kline
744,Clint Eastwood,John Cusack
745,Henry Selick,Paul Terry
746,Sydney Pollack,Harrison Ford
747,Fran Rubel Kuzui,Kristy Swanson
748,Mike Nichols,Robin Williams
750,Adrian Lyne,Robert Redford
751,Brian Helgeland,Mel Gibson
752,John Cameron Mitchell,John Cameron Mitchell
754,Ridley Scott,Anthony Hopkins
755,M. Night Shyamalan,Bruce Willis
756,Steven Spielberg,Haley Joel Osment
757,Richard Kelly,Jake Gyllenhaal
758,Lana Wachowski,Lilly Wachowski
759,Paul Verhoeven,Kevin Bacon
760,Joel Coen,Ethan Coen
761,Frank Darabont,Tom Hanks
762,Steven Spielberg,Tom Hanks
763,Tom Tykwer,Franka Potente
764,Darren Aronofsky,Ellen Burstyn
765,George Lucas,Ewan McGregor
766,Andrew Adamson,Vicky Jenson
767,Jay Roach,Mike Myers
768,Rob Cohen,Vin Diesel
769,Ridley Scott,Russell Crowe
770,Sharon Maguire,Renée Zellweger
771,James Wong,Devon Sawa
772,Roland Emmerich,Matthew Broderick
773,Paul Thomas Anderson,Tom Cruise
774,Alejandro G. Iñárritu,Emilio Echevarría
775,Gary Ross,Tobey Maguire
776,Rob Minkoff,Michael J. Fox
777,Christopher Nolan,Guy Pearce
778,Roger Michell,Hugh Grant
779,Terrence Malick,Jim Caviezel
780,Keenen Ivory Wayans,Anna Faris
781,Jay Roach,Ben Stiller
782,Jonathan Lynn,Bruce Willis
783,James Mangold,Winona Ryder
784,Renny Harlin,Thomas Jane
785,Tony Scott,Will Smith
786,Jonathan Frakes,Patrick Stewart
787,Gil Junger,Heath Ledger
788,Bonnie Hunt,David Duchovny
789,Peter Weir,Jim Carrey
790,Ted Demme,Johnny Depp
791,Ted Demme,Eddie Murphy
792,Bryan Singer,Patrick Stewart
793,David Twohy,Radha Mitchell
794,Mimi Leder,Robert Duvall
795,Mimi Leder,Kevin Spacey
796,Wes Anderson,Jason Schwartzman
797,Michael Bay,Bruce Willis
798,John Woo,Tom Cruise
799,Terry Gilliam,Johnny Depp
800,Nancy Meyers,Lindsay Lohan
801,Bobby Farrelly,Peter Farrelly
802,McG,Cameron Diaz
803,Randall Wallace,Leonardo DiCaprio
804,Tim Burton,Johnny Depp
805,John Madden,Gwyneth Paltrow
806,Jean-Jacques Annaud,Jude Law
807,Stephen Sommers,Brendan Fraser
808,Stephen Sommers,Brendan Fraser
809,Stanley Kubrick,Tom Cruise
810,Joe Johnston,Sam Neill
811,Roman Polanski,Johnny Depp
812,Mary Harron,Christian Bale
813,Oliver Parker,Rupert Everett
814,Jon Amiel,Sean Connery
815,Lasse Hallström,Tobey Maguire
816,Lasse Hallström,Juliette Binoche
817,Tony Bancroft,Barry Cook
818,Hironobu Sakaguchi,Motonori Sakakibara
819,Martin Brest,Brad Pitt
820,Doug Liman,Sarah Polley
821,James L. Brooks,Jack Nicholson
822,Nora Ephron,Tom Hanks
823,F. Gary Gray,Samuel L. Jackson
824,Eric Darnell,Tim Johnson
825,Barry Sonnenfeld,Will Smith
826,David O. Russell,George Clooney
827,Frank Coraci,Adam Sandler
828,Alex Proyas,Rufus Sewell
829,Phillip Noyce,Denzel Washington
830,Michael Mann,Russell Crowe
831,Dean Parisot,Tim Allen
832,John Lasseter,Ash Brannon
833,Stephen Frears,John Cusack
834,Oliver Stone,Al Pacino
835,Quentin Tarantino,Pam Grier
836,Bobby Farrelly,Peter Farrelly
837,Stephen Norrington,Wesley Snipes
838,Dominic Sena,Nicolas Cage
839,Robert Luketic,Reese Witherspoon
840,Paul Weitz,Chris Weitz
841,J.B. Rogers,Jason Biggs
842,Steven Soderbergh,George Clooney
843,Lars von Trier,Björk
844,M. Night Shyamalan,Bruce Willis
845,Brian De Palma,Tim Robbins
846,Bibo Bergeron,Don Paul
847,Vincenzo Natali,Nicole de Boer
848,Cameron Crowe,Billy Crudup
849,Hayao Miyazaki,Yôji Matsuda
850,Baz Luhrmann,Nicole Kidman
851,Mike Judge,Ron Livingston
852,Brenda Chapman,Steve Hickner
853,Peter Lord,Nick Park
854,John Frankenheimer,Robert De Niro
855,Peyton Reed,Kirsten Dunst
856,Kevin Smith,Jason Mewes
857,Kevin Smith,Ben Affleck
858,Michael Apted,Pierce Brosnan
859,Nancy Meyers,Mel Gibson
860,Patricia Rozema,Frances O'Connor
861,Raja Gosnell,Drew Barrymore
862,Richard Linklater,Ethan Hawke
864,David Fincher,Brad Pitt
865,Rob Bowman,David Duchovny
866,John Singleton,Samuel L. Jackson
867,Guy Ritchie,Jason Statham
868,Guy Ritchie,Jason Flemyng
869,Daniel Myrick,Eduardo Sánchez
870,Brett Ratner,Nicolas Cage
871,Ivan Reitman,David Duchovny
872,Harold Ramis,Brendan Fraser
873,Harold Ramis,Robert De Niro
874,Boaz Yakin,Denzel Washington
875,Simon West,Angelina Jolie
877,Mark Dindal,David Spade
878,Tim Burton,Mark Wahlberg
879,Robert Zemeckis,Tom Hanks
880,Steven Soderbergh,Julia Roberts
881,Thomas Carter,Julia Stiles
882,Sofia Coppola,Kirsten Dunst
883,Ang Lee,Chow Yun-Fat
884,Bruce Beresford,Ashley Judd
885,Todd Phillips,Breckin Meyer
886,Peter Hyams,Arnold Schwarzenegger
887,Stephen Hopkins,Gary Oldman
888,George Tillman Jr.,Cuba Gooding Jr.
889,Frank Oz,Robert De Niro
890,Spike Jonze,John Cusack
891,Griffin Dunne,Sandra Bullock
892,Garry Marshall,Julie Andrews
893,Gregory Hoblit,Dennis Quaid
894,John Dahl,Matt Damon
895,Robert Iscove,Freddie Prinze Jr.
896,Clint Eastwood,Clint Eastwood
897,Brett Ratner,Jackie Chan
898,Gary Trousdale,Kirk Wise
899,Donald Petrie,Sandra Bullock
900,Kimberly Peirce,Hilary Swank
901,Roger Kumble,Sarah Michelle Gellar
902,Michael Bay,Ben Affleck
903,Danny Leiner,Ashton Kutcher
904,Trey Parker,Trey Parker
905,Trey Parker,Trey Parker
906,David Zucker,Trey Parker
907,Steven Soderbergh,Michael Douglas
908,Roland Emmerich,Mel Gibson
909,Brad Bird,Eli Marienthal
910,Alexander Payne,Matthew Broderick
911,Ben Younger,Giovanni Ribisi
912,Alejandro Amenábar,Nicole Kidman
913,Anthony Minghella,Matt Damon
914,Troy Duffy,Willem Dafoe
915,John Lasseter,Andrew Stanton
916,Les Mayfield,Martin Lawrence
917,Sam Mendes,Kevin Spacey
918,Pat O'Connor,Keanu Reeves
920,Roberto Benigni,Roberto Benigni
922,Ashutosh Gowariker,Aamir Khan
923,Emir Kusturica,Bajram Severdzan
924,Giuseppe Tornatore,Tim Roth
925,Kar-Wai Wong,Tony Leung Chiu-wai
926,Martin Campbell,Antonio Banderas
927,Keenen Ivory Wayans,Anna Faris
928,Gore Verbinski,Brad Pitt
929,John McTiernan,Pierce Brosnan
930,Chris Buck,Kevin Lima
931,Dominic Sena,John Travolta
932,Joel Coen,Ethan Coen
933,Tom Shadyac,Robin Williams
934,Wolfgang Petersen,George Clooney
937,John McTiernan,Michael Crichton
938,Gina Prince-Bythewood,Sanaa Lathan
939,Stephen Daldry,Jamie Bell
940,Danny Boyle,Leonardo DiCaprio
942,Andy Tennant,Drew Barrymore
943,Brad Silberling,Nicolas Cage
944,Spike Lee,Denzel Washington
945,Chris Columbus,Robin Williams
946,Christopher Nolan,Jeremy Theobald
948,Joe Johnston,Jake Gyllenhaal
949,Jay Chandrasekhar,Jay Chandrasekhar
950,Curtis Hanson,Michael Douglas
951,Chris Columbus,Julia Roberts
952,Lee Tamahori,Morgan Freeman
954,Adrian Lyne,Jeremy Irons
955,Darren Aronofsky,Sean Gullette
956,Michael Cristofer,Antonio Banderas
957,Brian Helgeland,Heath Ledger
958,Jonathan Mostow,Matthew McConaughey
959,John McNaughton,Kevin Bacon
960,Kinka Usher,Ben Stiller
961,George Miller,Magda Szubanski
962,Milos Forman,Jim Carrey
963,Mike Mitchell,Rob Schneider
964,Robert Redford,Robert Redford
965,Vincent Ward,Robin Williams
966,Jeremiah S. Chechik,Ralph Fiennes
968,Luc Besson,Milla Jovovich
969,Jonathan Glazer,Ray Winstone
970,Tom Dey,Jackie Chan
971,Richard Donner,Mel Gibson
972,Frank Coraci,Adam Sandler
973,Rand Ravich,Charlize Theron
974,Sam Raimi,Cate Blanchett
975,Wes Craven,David Arquette
976,Mark Christopher,Ryan Phillippe
977,Robert Rodriguez,Alexa PenaVega
978,Jerry Zucker,Breckin Meyer
979,Roger Christian,John Travolta
980,David McNally,Piper Perabo
981,Michael Patrick Jann,Kirsten Dunst
982,Adam Shankman,Jennifer Lopez
983,Tarsem Singh,Jennifer Lopez
984,Joel Schumacher,Nicolas Cage
985,Robert Zemeckis,Harrison Ford
986,Ivan Reitman,Harrison Ford
987,Danny Cannon,Jennifer Love Hewitt
988,Bobby Farrelly,Peter Farrelly
989,Eric Leighton,Ralph Zondag
990,Dennis Dugan,Adam Sandler
991,Ron Howard,Jim Carrey
992,Hugh Wilson,Brendan Fraser
993,Jan de Bont,Liam Neeson
994,Steven Brill,Adam Sandler
995,Robert Redford,Will Smith
996,Forest Whitaker,Sandra Bullock
997,Alfonso Cuarón,Ethan Hawke
998,Luis Mandoki,Kevin Costner
999,Brian Robbins,James Van Der Beek
1001,Mel Gibson,Jim Caviezel
1002,Andrew Davis,Shia LaBeouf
1003,Billy Ray,Hayden Christensen
1004,Michael Tollin,Cuba Gooding Jr.
1005,Todd Phillips,Luke Wilson
1006,Luke Greenfield,Emile Hirsch
1007,Cameron Crowe,Tom Cruise
1008,Pete Docter,David Silverman
1009,Sofia Coppola,Bill Murray
1010,Steven Soderbergh,George Clooney
1011,Michel Gondry,Jim Carrey
1012,Edward Zwick,Tom Cruise
1013,Sam Raimi,Tobey Maguire
1014,Richard Curtis,Hugh Grant
1015,Chris Weitz,Paul Weitz
1016,Doug Liman,Franka Potente
1017,Oliver Hirschbiegel,Moritz Bleibtreu
1018,Gore Verbinski,Johnny Depp
1019,Peter Jackson,Elijah Wood
1020,Peter Jackson,Elijah Wood
1021,Ron Howard,Russell Crowe
1022,Steven Spielberg,Tom Cruise
1023,Joel Schumacher,Colin Farrell
1024,George Lucas,Hayden Christensen
1025,David Twohy,Vin Diesel
1026,Alfonso Cuarón,Daniel Radcliffe
1027,Chris Columbus,Daniel Radcliffe
1028,Chris Columbus,Daniel Radcliffe
1029,David R. Ellis,A.J. Cook
1030,Nick Cassavetes,Denzel Washington
1031,Roland Emmerich,Dennis Quaid
1032,Rob Marshall,Renée Zellweger
1033,Steven Spielberg,Tom Hanks
1034,Quentin Tarantino,Uma Thurman
1035,Alfonso Cuarón,Maribel Verdú
1036,Lee Tamahori,Pierce Brosnan
1037,Danny Boyle,Cillian Murphy
1038,Yimou Zhang,Jet Li
1039,Ronny Yu,Robert Englund
1040,Bryan Singer,Patrick Stewart
1041,Peter Weir,Russell Crowe
1042,Lana Wachowski,Lilly Wachowski
1043,Lana Wachowski,Lilly Wachowski
1044,Keenen Ivory Wayans,Marlon Wayans
1045,Rod Lurie,Robert Redford
1046,Lars von Trier,Nicole Kidman
1047,Ridley Scott,Josh Hartnett
1048,Roger Donaldson,Al Pacino
1049,Steven Spielberg,Leonardo DiCaprio
1050,Martin Scorsese,Leonardo DiCaprio
1051,Tony Scott,Denzel Washington
1052,Fernando Meirelles,Kátia Lund
1053,James Wan,Cary Elwes
1054,Lawrence Kasdan,Morgan Freeman
1055,Joel Gallen,Chyler Leigh
1056,Peter Jackson,Elijah Wood
1057,Chris Wedge,Carlos Saldanha
1058,Wolfgang Becker,Daniel Brühl
1059,John Singleton,Paul Walker
1060,Alejandro G. Iñárritu,Sean Penn
1061,Terry Zwigoff,Billy Bob Thornton
1062,Jessy Terrero,Dwayne Adway
1063,Zack Snyder,Sarah Polley
1064,Jon Favreau,Will Ferrell
1065,Eric Bress,J. Mackye Gruber
1066,Donald Petrie,Kate Hudson
1067,Andrew Stanton,Lee Unkrich
1068,Jean-Pierre Jeunet,Audrey Tautou
1069,Cédric Klapisch,Romain Duris
1070,Anthony Minghella,Jude Law
1071,Richard Linklater,Ethan Hawke
1072,Guillermo del Toro,Ron Perlman
1073,Stephen Daldry,Meryl Streep
1074,Antoine Fuqua,Denzel Washington
1075,Jonathan Mostow,Arnold Schwarzenegger
1076,Wolfgang Petersen,Brad Pitt
1077,Andrew Adamson,Kelly Asbury
1078,David Lynch,Naomi Watts
1079,Sam Mendes,Tom Hanks
1080,Roman Polanski,Adrien Brody
1081,Jon Amiel,Aaron Eckhart
1082,Alexander Payne,Jack Nicholson
1083,Steven Brill,Adam Sandler
1084,Marcus Raboy,Ice Cube
1085,Malcolm D. Lee,Eddie Griffin
1086,Tom Shadyac,Jim Carrey
1087,Robert Rodriguez,Daryl Sabara
1088,Mark Romanek,Robin Williams
1089,F. Gary Gray,Donald Sutherland
1090,Jay Roach,Mike Myers
1091,John Moore,Gene Hackman
1092,Irwin Winkler,Hayden Christensen
1093,Andrew Davis,Arnold Schwarzenegger
1094,Len Wiseman,Kate Beckinsale
1095,Clint Eastwood,Sean Penn
1096,Guillermo del Toro,Wesley Snipes
1097,Danny Leiner,John Cho
1098,Spike Lee,Edward Norton
1099,Julie Taymor,Salma Hayek
1100,Jesse Dylan,Jason Biggs
1101,M. Night Shyamalan,Mel Gibson
1102,Harald Zwart,Frankie Muniz
1103,Wayne Wang,Jennifer Lopez
1104,Gore Verbinski,Naomi Watts
1105,Rob Cohen,Vin Diesel
1106,Spike Jonze,Nicolas Cage
1107,Shawn Levy,Steve Martin
1108,Rob Schmidt,Eliza Dushku
1109,Adam McKay,Will Ferrell
1110,Nancy Meyers,Jack Nicholson
1111,Iain Softley,Kevin Spacey
1112,Wes Anderson,Gene Hackman
1113,Michael Bay,Will Smith
1114,Pedro Almodóvar,Rosario Flores
1115,Patty Jenkins,Charlize Theron
1116,Patrick Gilmore,Tim Johnson
1117,Gurinder Chadha,Parminder Nagra
1118,Peter Chelsom,John Cusack
1119,Marcus Nispel,Jessica Biel
1120,Victor Salva,Jonathan Breck
1121,Victor Salva,Gina Philips
1122,Jesse Dylan,Method Man
1123,Curtis Hanson,Eminem
1124,Zach Braff,Zach Braff
1125,David Zucker,Anna Faris
1126,Kurt Wimmer,Christian Bale
1127,Catherine Hardwicke,Evan Rachel Wood
1128,Paul W.S. Anderson,Milla Jovovich
1129,Tim Burton,Ewan McGregor
1130,Bobby Farrelly,Peter Farrelly
1131,Barry Sonnenfeld,Tommy Lee Jones
1132,Rawson Marshall Thurber,Ben Stiller
1133,Quentin Tarantino,Uma Thurman
1134,Brian Robbins,Scarlett Johansson
1135,Peter Segal,Adam Sandler
1136,Dean DeBlois,Chris Sanders
1137,Ridley Scott,Nicolas Cage
1138,Barry Skolnick,Vinnie Jones
1139,Kathryn Bigelow,Harrison Ford
1140,Bobby Farrelly,Peter Farrelly
1141,Antoine Fuqua,Clive Owen
1142,Adrian Lyne,Richard Gere
1143,Ben Stiller,Ben Stiller
1144,Jared Hess,Jon Heder
1145,Mark Waters,Lindsay Lohan
1146,Mark Waters,Jamie Lee Curtis
1147,Brad Anderson,Christian Bale
1149,David Fincher,Jodie Foster
1150,John Dahl,Steve Zahn
1151,Marc Lawrence,Sandra Bullock
1152,Raja Gosnell,Matthew Lillard
1153,Julio Medem,Paz Vega
1154,Brett Ratner,Anthony Hopkins
1155,Peter Webber,Scarlett Johansson
1156,Ang Lee,Eric Bana
1157,Joel Coen,Billy Bob Thornton
1158,Chuck Russell,Dwayne Johnson
1159,Stephen Sommers,Hugh Jackman
1160,George Clooney,Sam Rockwell
1161,Clark Johnson,Samuel L. Jackson
1162,Tim McCanlies,Haley Joel Osment
1163,Jay Russell,Alexis Bledel
1164,Christopher Nolan,Al Pacino
1165,Walt Becker,Ryan Reynolds
1166,P.J. Hogan,Jeremy Sumpter
1167,Peter Berg,Dwayne Johnson
1168,Louis Leterrier,Corey Yuen
1169,James Mangold,John Cusack
1170,Alan Parker,Kevin Spacey
1171,Adam Shankman,Mandy Moore
1172,Yann Samuell,Guillaume Canet
1173,Nick Cassavetes,Gena Rowlands
1174,Bong Joon Ho,Song Kang-ho
1175,Martha Coolidge,Julia Stiles
1176,Jeff Schaffer,Alec Berg
1177,Gaspar Noé,Monica Bellucci
1178,Mathieu Kassovitz,Halle Berry
1179,Paul Thomas Anderson,Adam Sandler
1180,Steve Oedekerk,Steve Oedekerk
1181,Gavin O'Connor,Kurt Russell
1182,Richard Linklater,Jack Black
1183,Tom McCarthy,Peter Dinklage
1184,Randall Wallace,Mel Gibson
1185,Jim Fall,Hilary Duff
1186,Kelly Asbury,Lorna Cook
1187,Kevin Reynolds,Jim Caviezel
1188,Robert Rodriguez,Antonio Banderas
1189,John Woo,Ben Affleck
1190,Peter Segal,Jack Nicholson
1191,Michael Apted,Jennifer Lopez
1192,Robert Benton,Anthony Hopkins
1193,Stephen Norrington,Sean Connery
1195,Jonathan Hensleigh,Thomas Jane
1196,Dennie Gordon,Mary-Kate Olsen
1197,Audrey Wells,Diane Lane
1198,David Koepp,Johnny Depp
1199,Phil Alden Robinson,Ben Affleck
1200,Vondie Curtis-Hall,Mariah Carey
1201,Shawn Levy,Ashton Kutcher
1202,Mark Steven Johnson,Ben Affleck
1203,Guy Ferland,Diego Luna
1204,Shane Carruth,Shane Carruth
1205,Antoine Fuqua,Bruce Willis
1206,Rob Zombie,Sid Haig
1207,Steve Beck,Tony Shalhoub
1208,Albert Hughes,Allen Hughes
1209,Peter Kosminsky,Michelle Pfeiffer
1210,Michael Rymer,Aaliyah
1211,Gary Winick,Jennifer Garner
1212,Kim Ki-duk,Kim Ki-duk
1213,Morgan Spurlock,Morgan Spurlock
1214,Robert Altman,Maggie Smith
1215,Joel Zwick,Nia Vardalos
1216,Roger Avary,James Van Der Beek
1217,John Hamburg,Ben Stiller
1218,Todd Phillips,Ben Stiller
1219,McG,Drew Barrymore
1220,Tommy O'Haver,Anne Hathaway
1221,Frank Oz,Nicole Kidman
1222,Andy Tennant,Reese Witherspoon
1223,Steven Soderbergh,George Clooney
1224,Robert Rodriguez,Alexa PenaVega
1225,Marc Forster,Billy Bob Thornton
1226,Simon Wells,Guy Pearce
1227,Michael Mann,Will Smith
1228,David Dobkin,Jackie Chan
1229,Frank Coraci,Jackie Chan
1230,Ellory Elkayem,David Arquette
1231,Mike Newell,Julia Roberts
1232,Aaron Blaise,Robert Walker
1233,Ethan Coen,Joel Coen
1234,D.J. Caruso,Angelina Jolie
1235,Brian Dannelly,Jena Malone
1236,Steve Beck,Julianna Margulies
1237,Peter Howitt,Rowan Atkinson
1238,Jan de Bont,Angelina Jolie
1239,F. Gary Gray,Vin Diesel
1240,Gregory Hoblit,Bruce Willis
1241,Rob Reiner,Luke Wilson
1242,Stephen Herek,Mark Wahlberg
1243,Paul Hunter,Chow Yun-Fat
1244,Martin Brest,Ben Affleck
1245,Carl Franklin,Denzel Washington
1246,Bernardo Bertolucci,Michael Pitt
1247,Bill Paxton,Bill Paxton
1248,Jacob Estes,Rory Culkin
1249,Eli Roth,Jordan Ladd
1250,Richard Donner,Paul Walker
1251,M. Night Shyamalan,Sigourney Weaver
1252,Peter Jackson,Naomi Watts
1253,Ang Lee,Jake Gyllenhaal
1254,James McTeigue,Hugo Weaving
1255,Jon Turteltaub,Nicolas Cage
1256,Christopher Nolan,Christian Bale
1257,Sam Raimi,Tobey Maguire
1258,David Frankel,Anne Hathaway
1259,Steve Pink,Justin Long
1260,Frank Miller,Quentin Tarantino
1261,David Cronenberg,Viggo Mortensen
1262,George Lucas,Hayden Christensen
1263,Joe Wright,Keira Knightley
1264,Gore Verbinski,Johnny Depp
1265,Ron Howard,Russell Crowe
1266,Alexander Witt,Milla Jovovich
1267,Chris Columbus,Taye Diggs
1268,Susan Stroman,Nathan Lane
1269,Alex Proyas,Will Smith
1270,Louis Leterrier,Jet Li
1271,Jay Roach,Ben Stiller
1272,James Mangold,Joaquin Phoenix
1273,Steven Spielberg,Tom Cruise
1274,Brian De Palma,Josh Hartnett
1275,Michael Mann,Tom Cruise
1276,Clint Eastwood,Hilary Swank
1277,Paul Haggis,Don Cheadle
1278,Shane Black,Robert Downey Jr.
1279,Jonathan Dayton,Valerie Faris
1280,David Slade,Patrick Wilson
1281,Adam McKay,Will Ferrell
1282,Larry Charles,Sacha Baron Cohen
1283,David R. Ellis,Samuel L. Jackson
1284,Sam Mendes,Jake Gyllenhaal
1285,Justin Lin,Lucas Black
1286,John Lasseter,Joe Ranft
1287,Chris Wedge,Carlos Saldanha
1288,Edgar Wright,Simon Pegg
1289,Ken Kwapis,Amber Tamblyn
1290,Oliver Hirschbiegel,Bruno Ganz
1291,Alexander Payne,Paul Giamatti
1292,Neil Burger,Edward Norton
1293,Joel Schumacher,Gerard Butler
1294,David O. Russell,Jason Schwartzman
1295,Terrence Malick,Colin Farrell
1296,John Stockwell,Paul Walker
1297,Andrew Adamson,Tilda Swinton
1298,Angela Robinson,Lindsay Lohan
1299,Tim Johnson,Karey Kirkpatrick
1300,John Singleton,Mark Wahlberg
1301,Tim Burton,Johnny Depp
1302,Mark Neveldine,Brian Taylor
1303,Ron Howard,Tom Hanks
1304,Christophe Gans,Radha Mitchell
1305,Tim Burton,Mike Johnson
1306,Florian Henckel von Donnersmarck,Ulrich Mühe
1307,Mike Nichols,Natalie Portman
1308,Steven Spielberg,Eric Bana
1309,Wolfgang Petersen,Richard Dreyfuss
1310,Lexi Alexander,Elijah Wood
1311,Stephen Frears,Helen Mirren
1312,Ridley Scott,Orlando Bloom
1313,Martin Scorsese,Leonardo DiCaprio
1314,Andrew Lau,Alan Mak
1315,Hayao Miyazaki,Chieko Baishô
1316,Brad Bird,Craig T. Nelson
1317,Spike Lee,Denzel Washington
1318,Eric Darnell,Tom McGrath
1319,Frank Coraci,Adam Sandler
1320,Judd Apatow,Steve Carell
1321,Stephen Chow,Stephen Chow
1322,Mike Newell,Daniel Radcliffe
1323,Michael Caton-Jones,Sharon Stone
1324,Garth Jennings,Martin Freeman
1325,Steven Soderbergh,George Clooney
1326,Rian Johnson,Joseph Gordon-Levitt
1327,Dean Parisot,Jim Carrey
1328,Jason Reitman,Aaron Eckhart
1329,Wayne Kramer,Paul Walker
1330,Renny Harlin,Val Kilmer
1331,Craig Brewer,Terrence Howard
1332,Len Wiseman,Kate Beckinsale
1333,Raja Gosnell,Dennis Quaid
1334,James Wong,Mary Elizabeth Winstead
1335,Bennett Miller,Philip Seymour Hoffman
1336,Taylor Hackford,Jamie Foxx
1337,Andrew Niccol,Nicolas Cage
1338,John Cameron Mitchell,Sook-Yin Lee
1339,Betty Thomas,Jesse Metcalfe
1340,Gurinder Chadha,Martin Henderson
1341,Paul Greengrass,Matt Damon
1342,Mark Rosman,Hilary Duff
1343,Mike Judge,Luke Wilson
1344,Kevin Smith,Brian O'Halloran
1345,Francis Lawrence,Keanu Reeves
1346,Michael Bay,Scarlett Johansson
1347,Alejandro Amenábar,Javier Bardem
1348,Goran Dukic,Patrick Fugit
1349,Paul Weitz,Dennis Quaid
1350,Woody Allen,Scarlett Johansson
1351,Olivier Assayas,Frédéric Auburtin
1352,Kevin Macdonald,James McAvoy
1353,Alexandre Aja,Ted Levine
1354,Anne Fletcher,Channing Tatum
1355,Hideo Nakata,Naomi Watts
1356,David Zucker,Anna Faris
1357,Doug Liman,Brad Pitt
1358,David S. Goyer,Wesley Snipes
1359,Todd Field,Kate Winslet
1360,Catherine Hardwicke,Heath Ledger
1361,Paul W.S. Anderson,Sanaa Lathan
1363,Darren Aronofsky,Hugh Jackman
1364,Thomas Carter,Samuel L. Jackson
1365,Greg McLean,Nathan Phillips
1366,William Brent Bell,Jon Foster
1367,Terry George,Don Cheadle
1368,Park Chan-wook,Choi Min-sik
1369,F. Gary Gray,John Travolta
1370,Darren Lynn Bousman,Donnie Wahlberg
1371,Robert Schwentke,Jodie Foster
1372,Kevin Reynolds,James Franco
1373,Peter Segal,Adam Sandler
1374,Louis Leterrier,Jason Statham
1375,Andy Tennant,Will Smith
1376,Martin Scorsese,Leonardo DiCaprio
1377,Elizabeth Allen Rosenbaum,Emma Roberts
1378,Beeban Kidron,Renée Zellweger
1379,Brett Ratner,Patrick Stewart
1380,Oliver Stone,Colin Farrell
1381,Rob Marshall,Ziyi Zhang
1382,Iain Softley,Kate Hudson
1383,Bill Condon,Liam Neeson
1384,Tim Story,Ioan Gruffudd
1385,Michael Mann,Colin Farrell
1386,Kar-Wai Wong,Tony Leung Chiu-wai
1387,Richard Linklater,Keanu Reeves
1388,Garry Marshall,Anne Hathaway
1389,John Pasquin,Sandra Bullock
1390,Joss Whedon,Nathan Fillion
1391,James Gunn,Nathan Fillion
1392,Alejandro Agresti,Keanu Reeves
1393,Bobby Farrelly,Peter Farrelly
1394,Richard Loncraine,Kirsten Dunst
1395,Roger Kumble,Ryan Reynolds
1396,Paul McGuigan,Josh Hartnett
1397,Trey Parker,Trey Parker
1398,Andy Fickman,Amanda Bynes
1399,Stephen Gaghan,George Clooney
1400,Nigel Cole,Ashton Kutcher
1401,Danny Cannon,Michael Winterbottom
1402,Ben Younger,Uma Thurman
1403,George Clooney,David Strathairn
1404,Lee Tamahori,Ice Cube
1405,Wes Anderson,Bill Murray
1406,Noah Baumbach,Owen Kline
1407,Stephen Hillenburg,Mark Osborne
1408,John Moore,Liev Schreiber
1409,Brad Silberling,Jim Carrey
1410,David Lynch,Karolina Gruszka
1411,Pierre Morel,Cyril Raffaelli
1412,Scott Derrickson,Laura Linney
1413,Takashi Shimizu,Sarah Michelle Gellar
1414,Neil Marshall,Shauna Macdonald
1416,Marc Forster,Ewan McGregor
1417,Paul McGuigan,Josh Hartnett
1418,Mark Waters,Reese Witherspoon
1421,Kang Je-kyu,Jang Dong-Gun
1422,Kim Ki-duk,Lee Seung-yun
1423,Marc Forster,Will Ferrell
1424,Mira Nair,Reese Witherspoon
1425,Frank Marshall,Paul Walker
1426,Jared Hess,Jack Black
1427,Jay Chandrasekhar,Jay Chandrasekhar
1429,Neil LaBute,Nicolas Cage
1430,Marc Forster,Johnny Depp
1431,Alejandro G. Iñárritu,Brad Pitt
1432,J.J. Abrams,Tom Cruise
1433,Jon Favreau,Josh Hutcherson
1434,Woody Allen,Scarlett Johansson
1435,Matthew Vaughn,Daniel Craig
1436,Niki Caro,Charlize Theron
1438,Shawn Levy,Steve Martin
1439,Jaume Collet-Serra,Chad Michael Murray
1440,Curtis Hanson,Toni Collette
1441,Victor Salva,Scott Mechlowicz
1442,Carlos Saldanha,Ray Romano
1443,Andrzej Bartkowiak,Karl Urban
1444,James Gartner,Josh Lucas
1445,Lasse Hallström,Heath Ledger
1446,Robert Zemeckis,Tom Hanks
1447,Ol Parker,Piper Perabo
1448,Sydney Pollack,Nicole Kidman
1449,Phil Joanou,Dwayne Johnson
1450,John Maybury,Adrien Brody
1451,Gregg Araki,Brady Corbet
1452,Rob Bowman,Jennifer Garner
1453,Uwe Boll,Christian Slater
1454,Peter Berg,Billy Bob Thornton
1455,David R. Ellis,Kim Basinger
1456,Donald Petrie,Lindsay Lohan
1457,Nick Cassavetes,Emile Hirsch
1458,Geoffrey Sax,Alex Pettyfer
1459,Ericson Core,Mark Wahlberg
1460,Jim Jarmusch,Bill Murray
1461,Jonathan Demme,Denzel Washington
1462,Cameron Crowe,Orlando Bloom
1463,Sofia Coppola,Kirsten Dunst
1464,Julian Jarrold,Chiwetel Ejiofor
1465,Breck Eisner,Matthew McConaughey
1466,Eli Roth,Jay Hernandez
1467,Oliver Stone,Nicolas Cage
1468,Andrew Douglas,Ryan Reynolds
1469,Karyn Kusama,Charlize Theron
1470,Cory Edwards,Todd Edwards
1471,George A. Romero,John Leguizamo
1472,Peyton Reed,Jennifer Aniston
1473,Terry Gilliam,Matt Damon
1474,Jonathan Liebesman,Jordana Brewster
1475,Bibo Bergeron,Vicky Jenson
1476,Jay Chandrasekhar,Seann William Scott
1477,Adam Shankman,Steve Martin
1478,Tom Dey,Matthew McConaughey
1479,Gil Kenan,Mitchel Musso
1480,Nicholaus Goossen,Allen Covert
1482,Tony Scott,Keira Knightley
1483,Kerry Conran,Gwyneth Paltrow
1484,Andrew Davis,Kevin Costner
1485,Pitof,Halle Berry
1486,Gore Verbinski,Nicolas Cage
1487,M. Night Shyamalan,Paul Giamatti
1488,John Polson,Robert De Niro
1489,Martin Campbell,Antonio Banderas
1490,James L. Brooks,Adam Sandler
1491,Kurt Wimmer,Milla Jovovich
1492,Wes Craven,Rachel McAdams
1494,Roger Allers,Jill Culton
1495,Mark Dindal,Zach Braff
1497,Clare Kilner,Dermot Mulroney
1498,Bong Joon Ho,Song Kang-ho
1499,Thomas Bezucha,Dermot Mulroney
1500,Fernando Meirelles,Ralph Fiennes
1501,Yimou Zhang,Chow Yun-Fat
1502,Jon Poll,Anton Yelchin
1503,Ethan Coen,Joel Coen
1504,Martin Campbell,Daniel Craig
1505,Mark Osborne,John Stevenson
1506,Michael Bay,Shia LaBeouf
1507,Michael Patrick King,Sarah Jessica Parker
1508,Christopher Nolan,Christian Bale
1509,Christopher Nolan,Christian Bale
1510,Sam Raimi,Tobey Maguire
1511,Len Wiseman,Bruce Willis
1512,Clint Eastwood,Ryan Phillippe
1513,Paul Haggis,Tommy Lee Jones
1514,Timur Bekmambetov,Angelina Jolie
1515,Ridley Scott,Denzel Washington
1516,Gore Verbinski,Johnny Depp
1517,Pete Travis,Dennis Quaid
1518,Emilio Estevez,Anthony Hopkins
1519,Alfonso Cuarón,Julianne Moore
1520,J.A. Bayona,Belén Rueda
1521,Frank Oz,Matthew Macfadyen
1522,Matthew Vaughn,Charlie Cox
1523,Juan Carlos Fresnadillo,Jeremy Renner
1524,Roger Donaldson,Jason Statham
1525,Frank Darabont,Thomas Jane
1526,Sean Penn,Emile Hirsch
1527,Steven Spielberg,Harrison Ford
1528,Paul Thomas Anderson,Daniel Day-Lewis
1529,Jason Reitman,Elliot Page
1530,Adam McKay,Will Ferrell
1531,Shane Meadows,Thomas Turgoose
1532,Francis Lawrence,Will Smith
1533,Paul Greengrass,Matt Damon
1534,Tarsem Singh,Lee Pace
1535,Edgar Wright,Simon Pegg
1536,Peter Segal,Steve Carell
1537,Kevin Lima,Amy Adams
1538,Gabriele Muccino,Will Smith
1539,Andrew Adamson,Ben Barnes
1540,Simon J. Smith,Steve Hickner
1541,David Fincher,Jake Gyllenhaal
1542,Danny Boyle,Loveleen Tandan
1543,Tony Scott,Denzel Washington
1544,Brad Bird,Jan Pinkava
1545,Guillermo del Toro,Ron Perlman
1546,Paul Verhoeven,Carice van Houten
1547,Kevin Smith,Seth Rogen
1548,David Gordon Green,Seth Rogen
1549,Craig Gillespie,Ryan Gosling
1550,Doug Liman,Hayden Christensen
1551,Julian Schnabel,Mathieu Amalric
1552,Greg Mottola,Michael Cera
1553,Woody Allen,Rebecca Hall
1554,Louis Leterrier,Edward Norton
1555,Sergei Bodrov,Tadanobu Asano
1556,Shawn Levy,Ben Stiller
1558,Tom Shadyac,Steve Carell
1559,Bruce A. Evans,Kevin Costner
1560,David Silverman,Dan Castellaneta
1561,Stephen Hopkins,Hilary Swank
1562,Gabor Csupo,Josh Hutcherson
1563,Andrew Stanton,Ben Burtt
1564,Antoine Fuqua,Mark Wahlberg
1565,Nicholas Stoller,Kristen Bell
1566,Bill Condon,Beyoncé
1567,Craig Mazin,Drake Bell
1568,Sylvester Stallone,Sylvester Stallone
1569,Sylvester Stallone,Sylvester Stallone
1570,Jon Favreau,Robert Downey Jr.
1571,Ben Affleck,Morgan Freeman
1573,Ric Roman Waugh,Stephen Dorff
1574,Peter Sollett,Michael Cera
1575,Jon Hurwitz,Hayden Schlossberg
1576,Robert Luketic,Jim Sturgess
1577,Julie Taymor,Evan Rachel Wood
1578,Judd Apatow,Seth Rogen
1579,D.J. Caruso,Shia LaBeouf
1580,D.J. Caruso,Shia LaBeouf
1581,James Mangold,Russell Crowe
1582,Brett Ratner,Jackie Chan
1583,Robert Zemeckis,Ray Winstone
1584,Jimmy Hayward,Steve Martino
1585,Nancy Meyers,Kate Winslet
1586,Edward Zwick,Leonardo DiCaprio
1587,Wes Anderson,Owen Wilson
1588,Jon Avnet,Robert De Niro
1589,Clark Gregg,Sam Rockwell
1590,Martin McDonagh,Colin Farrell
1591,Joe Carnahan,Jeremy Piven
1592,Ridley Scott,Russell Crowe
1593,Stephen J. Anderson,Daniel Hansen
1594,Denzel Washington,Denzel Washington
1595,Dennis Dugan,Adam Sandler
1597,Ben Stiller,Ben Stiller
1598,Ethan Coen,Joel Coen
1599,Phyllida Lloyd,Meryl Streep
1600,Paul W.S. Anderson,Jason Statham
1602,Rian Johnson,Rachel Weisz
1604,Darren Lynn Bousman,Tobin Bell
1605,Philip G. Atwell,Jet Li
1606,Liam Lynch,Jack Black
1607,Corey Yuen,Jaime Pressly
1608,Darren Lynn Bousman,Tobin Bell
1609,Tom Vaughan,Cameron Diaz
1610,Zack Snyder,Gerard Butler
1611,James Gray,Joaquin Phoenix
1612,Mike Nichols,Tom Hanks
1613,Kevin Munroe,Patrick Stewart
1614,Jeff Wadlow,Sean Faris
1615,Tim Story,Ioan Gruffudd
1616,George C. Wolfe,Diane Lane
1617,Josh Gordon,Will Speck
1618,Mikael Håfström,John Cusack
1619,Chris Weitz,Nicole Kidman
1620,Richard Eyre,Cate Blanchett
1621,Steven Soderbergh,George Clooney
1622,Peter Webber,Gaspard Ulliel
1623,Christine Jeffs,Amy Adams
1624,David Slade,Josh Hartnett
1625,Nelson McCormick,Brittany Snow
1626,Marc Lawrence,Hugh Grant
1627,Mark Steven Johnson,Nicolas Cage
1628,Robert Redford,Tom Cruise
1629,Carter Smith,Shawn Ashmore
1630,Craig Brewer,Christina Ricci
1631,Saul Dibb,Keira Knightley
1632,Russell Mulcahy,Milla Jovovich
1633,Tom Tykwer,Ben Whishaw
1634,McG,Matthew McConaughey
1635,David Ayer,Keanu Reeves
1636,Stefen Fangmeier,Ed Speleers
1637,Peter Hedges,Steve Carell
1638,Peter Berg,Will Smith
1639,Walt Becker,Tim Allen
1640,Joby Harold,Hayden Christensen
1641,Michael Davis,Clive Owen
1642,Alexandre Aja,Kiefer Sutherland
1643,James Wan,Ryan Kwanten
1645,Joe Wright,Keira Knightley
1646,Richard LaGravenese,Hilary Swank
1647,Julian Jarrold,Anne Hathaway
1648,John Curran,Naomi Watts
1649,Shimit Amin,Shah Rukh Khan
1650,Tyler Perry,Gabrielle Union
1651,Gary Winick,Dakota Fanning
1652,Sean McNamara,Skyler Shaye
1653,Gregory Hoblit,Anthony Hopkins
1654,George Miller,Warren Coleman
1655,Mel Gibson,Gerardo Taracena
1656,Lee Tamahori,Nicolas Cage
1657,Jon Turteltaub,Nicolas Cage
1659,Bobby Farrelly,Peter Farrelly
1660,Anton Corbijn,Sam Riley
1661,Sanaa Hamri,America Ferrera
1662,Adam Brooks,Ryan Reynolds
1663,Richard LaGravenese,Hilary Swank
1664,Anne Fletcher,Katherine Heigl
1665,Tony Gilroy,George Clooney
1666,Guillermo del Toro,Ivana Baquero
1667,Akiva Schaffer,Andy Samberg
1668,Rob Reiner,Jack Nicholson
1669,Danny Boyle,Cillian Murphy
1670,Clint Eastwood,Ken Watanabe
1673,Andrew Dominik,Brad Pitt
1674,Tomas Alfredson,Kåre Hedebrant
1675,Matt Reeves,Mike Vogel
1676,Andy Fickman,Dwayne Johnson
1677,Xavier Gens,Timothy Olyphant
1678,Chris Miller,Raman Hui
1680,Sean Ellis,Sean Biggerstaff
1681,Guy Ritchie,Jason Statham
1683,Scott Wiper,Steve Austin
1684,Fernando Meirelles,Julianne Moore
1685,Marc Forster,Khalid Abdalla
1686,Kirsten Sheridan,Freddie Highmore
1687,Kurt Kuenne,Kurt Kuenne
1689,Colin Strause,Greg Strause
1690,Michael Haneke,Naomi Watts
1692,Garth Jennings,Bill Milner
1693,Mark Palansky,Christina Ricci
1694,Shari Springer Berman,Robert Pulcini
1695,Jake Kasdan,John C. Reilly
1696,Steve McQueen,Michael Fassbender
1697,David Cronenberg,Naomi Watts
1698,Mike Binder,Adam Sandler
1699,Eric Brevig,Brendan Fraser
1700,Sylvain White,Columbus Short
1702,Rob Cohen,Brendan Fraser
1703,David Ayer,Christian Bale
1704,James Foley,Halle Berry
1705,Olivier Dahan,Marion Cotillard
1706,Robert Rodriguez,Eli Roth
1707,John Carney,Glen Hansard
1708,Rob Zombie,Scout Taylor-Compton
1709,Steve Bendelack,Rowan Atkinson
1710,Werner Herzog,Christian Bale
1711,Andy Tennant,Matthew McConaughey
1712,David Bowers,Sam Fell
1713,Rob Minkoff,Jackie Chan
1714,Peter Berg,Jamie Foxx
1715,Dennis Dugan,Adam Sandler
1716,Shekhar Kapur,Cate Blanchett
1717,Oliver Hirschbiegel,Nicole Kidman
1718,M. Night Shyamalan,Mark Wahlberg
1719,Adam Shankman,John Travolta
1720,Kent Alterman,Will Ferrell
1721,Robert De Niro,Matt Damon
1722,Todd Haynes,Christian Bale
1723,Zach Helm,Natalie Portman
1724,Justin Chadwick,Natalie Portman
1725,Gil Kenan,Saoirse Ronan
1727,Mark Helfrich,Dane Cook
1728,Jason Friedberg,Aaron Seltzer
1729,Brian Robbins,Eddie Murphy
1730,Mennan Yapo,Sandra Bullock
1731,Eli Roth,Lauren German
1732,John Stockwell,Josh Duhamel
1733,Marcel Langenegger,Hugh Jackman
1734,Ed Harris,Ed Harris
1735,Mathieu Kassovitz,Vin Diesel
1736,Jay Russell,Emily Watson
1740,Lana Wachowski,Lilly Wachowski
1741,Roland Emmerich,Camilla Belle
1742,Scott Hicks,Catherine Zeta-Jones
1743,Neil Marshall,Rhona Mitra
1744,Mark Waters,Freddie Highmore
1745,Gary Fleder,Rob Brown
1746,Jon M. Chu,Robert Hoffman
1747,Joe Nussbaum,Amanda Bynes
1748,Paul Weiland,Patrick Dempsey
1749,Chris Carter,David Duchovny
1750,Jonathan Kasdan,Adam Brody
1751,David Frankel,Owen Wilson
1752,Nora Ephron,Amy Adams
1753,James Gray,Joaquin Phoenix
1754,David Michôd,James Frecheville
1755,Michael Patrick King,Sarah Jessica Parker
1756,Christopher Nolan,Leonardo DiCaprio
1757,Guy Ritchie,Robert Downey Jr.
1758,Quentin Tarantino,Brad Pitt
1759,Marcus Nispel,Jared Padalecki
1760,Darren Aronofsky,Mickey Rourke
1761,Niels Arden Oplev,Michael Nyqvist
1762,Todd Phillips,Zach Galifianakis
1763,Clint Eastwood,Angelina Jolie
1764,James Cameron,Sam Worthington
1765,Louis Leterrier,Sam Worthington
1766,John Hillcoat,Viggo Mortensen
1767,J.J. Abrams,Chris Pine
1768,John Woo,Tony Leung Chiu-wai
1769,Matthew Vaughn,Aaron Taylor-Johnson
1770,Stephen Sommers,Dennis Quaid
1771,Burr Steers,Zac Efron
1772,Michael Mann,Christian Bale
1773,Kathryn Bigelow,Jeremy Renner
1774,James Watkins,Kelly Reilly
1775,Ridley Scott,Russell Crowe
1776,Anne Fletcher,Sandra Bullock
1777,Rick Jacobson,Julia Voth
1778,Gus Van Sant,Sean Penn
1779,Lone Scherfig,Carey Mulligan
1780,Harald Zwart,Jackie Chan
1781,Pete Docter,Bob Peterson
1782,M. Night Shyamalan,Noah Ringer
1783,Peyton Reed,Jim Carrey
1784,Gary Winick,Kate Hudson
1785,Gabriele Muccino,Will Smith
1786,Tom Tykwer,Clive Owen
1787,David Yates,Daniel Radcliffe
1788,Bryan Singer,Tom Cruise
1789,Stephen Daldry,Kate Winslet
1790,McG,Christian Bale
1791,Marc Forster,Daniel Craig
1792,Sam Mendes,Leonardo DiCaprio
1793,Ron Howard,Frank Langella
1794,Dean DeBlois,Chris Sanders
1795,Ricky Gervais,Matthew Robinson
1796,Patrick Tatopoulos,Rhona Mitra
1797,Pierre Coffin,Chris Renaud
1798,Lee Unkrich,Tom Hanks
1799,Catherine Hardwicke,Kristen Stewart
1800,John Moore,Mark Wahlberg
1801,Peter Billingsley,Vince Vaughn
1802,Zack Snyder,Jackie Earle Haley
1803,Samuel Bayer,Jackie Earle Haley
1804,Marc Webb,Zooey Deschanel
1805,Peter Jackson,Rachel Weisz
1806,John Lee Hancock,Quinton Aaron
1807,Peter Chelsom,Miley Cyrus
1808,Gareth Edwards,Scoot McNairy
1809,Ruben Fleischer,Jesse Eisenberg
1810,Sam Mendes,John Krasinski
1811,Spike Jonze,Max Records
1812,Baz Luhrmann,Nicole Kidman
1813,Gavin Hood,Hugh Jackman
1814,David Wain,Paul Rudd
1815,Alan Poul,Jennifer Lopez
1816,Hayao Miyazaki,Cate Blanchett
1817,John Patrick Shanley,Meryl Streep
1819,Greg Mottola,Jesse Eisenberg
1820,Henry Selick,Dakota Fanning
1821,Christopher Morris,Will Adamsdale
1822,Richard Curtis,Philip Seymour Hoffman
1823,Michael Bay,Shia LaBeouf
1824,Justin Lin,Vin Diesel
1825,Nicholas Stoller,Jonah Hill
1826,Carlos Saldanha,Michael Thurmeier
1827,Kevin Smith,Bruce Willis
1828,Glenn Ficarra,John Requa
1829,John Hamburg,Paul Rudd
1830,Wes Anderson,George Clooney
1831,Gina Prince-Bythewood,Dakota Fanning
1832,Mike Mitchell,Mike Myers
1834,Tom Hooper,Colm Meaney
1835,Larry Charles,Sacha Baron Cohen
1836,Duncan Jones,Sam Rockwell
1837,Anand Tucker,Amy Adams
1838,F. Gary Gray,Gerard Butler
1839,Mike Newell,Jake Gyllenhaal
1840,Brad Silberling,Will Ferrell
1841,Robert Luketic,Katherine Heigl
1842,Guy Ritchie,Gerard Butler
1843,Kevin Macdonald,Russell Crowe
1844,Martin Campbell,Mel Gibson
1845,Jason Reitman,George Clooney
1846,Dennis Dugan,Adam Sandler
1847,Phil Lord,Christopher Miller
1848,Chris Columbus,Logan Lerman
1849,Gavin O'Connor,Edward Norton
1850,Karyn Kusama,Megan Fox
1851,Roland Emmerich,John Cusack
1852,Jon Favreau,Robert Downey Jr.
1853,Neill Blomkamp,Sharlto Copley
1854,Albert Hughes,Allen Hughes
1855,Tim Burton,Mia Wasikowska
1856,Tyler Perry,Tyler Perry
1858,Howard McCain,Jim Caviezel
1859,Derek Cianfrance,Ryan Gosling
1861,Steven R. Monroe,Sarah Butler
1862,Marcus Dunstan,Josh Stewart
1863,David Hackl,Scott Patterson
1864,Steve Pink,John Cusack
1865,Sam Raimi,Alison Lohman
1866,Nimród Antal,Adrien Brody
1867,Alejandro Amenábar,Rachel Weisz
1868,Charlie Kaufman,Philip Seymour Hoffman
1870,Byron Howard,Chris Williams
1871,Chris Weitz,Kristen Stewart
1872,David Slade,Kristen Stewart
1873,Nelson McCormick,Penn Badgley
1874,Rodrigo Cortés,Ryan Reynolds
1875,Clint Eastwood,Clint Eastwood
1876,Debra Granik,Jennifer Lawrence
1877,Shawn Levy,Ben Stiller
1878,Ken Kwapis,Ginnifer Goodwin
1879,Lasse Hallström,Channing Tatum
1880,Garry Marshall,Julia Roberts
1881,Roman Polanski,Ewan McGregor
1882,Clint Eastwood,Morgan Freeman
1883,Sean Anders,Josh Zuckerman
1884,Thor Freudenthal,Zachary Gordon
1885,Scott Sanders,Michael Jai White
1886,Joe Carnahan,Liam Neeson
1887,Pierre Morel,Liam Neeson
1888,Olatunde Osunsanmi,Milla Jovovich
1889,Christian Alvart,Dennis Quaid
1890,Martin Scorsese,Leonardo DiCaprio
1892,Rajkumar Hirani,Aamir Khan
1894,Allen Coulter,Robert Pattinson
1896,Yôjirô Takita,Masahiro Motoki
1897,Rob Marshall,Daniel Day-Lewis
1898,Charles Guard,Thomas Guard
1899,David Fincher,Brad Pitt
1900,David R. Ellis,Nick Zano
1901,Eli Craig,Tyler Labine
1902,James Mangold,Tom Cruise
1903,Grant Heslov,Ewan McGregor
1904,Alex Proyas,Nicolas Cage
1905,Mark Waters,Matthew McConaughey
1906,Scott Derrickson,Keanu Reeves
1907,Robert Schwentke,Eric Bana
1908,Fatih Akin,Yvan Attal
1909,Mark Steven Johnson,Kristen Bell
1911,Lee Daniels,Gabourey Sidibe
1912,Nicolas Winding Refn,Mads Mikkelsen
1913,Jacques Audiard,Tahar Rahim
1914,Karan Johar,Shah Rukh Khan
1915,Mark Herman,Asa Butterfield
1916,Nick Cassavetes,Cameron Diaz
1917,Tony Scott,Denzel Washington
1918,Ridley Scott,Leonardo DiCaprio
1919,Miguel Sapochnik,Jude Law
1920,Sylvain White,Idris Elba
1921,Ron Howard,Tom Hanks
1922,Eric Darnell,Tom McGrath
1923,Jaume Collet-Serra,Vera Farmiga
1924,Ron Clements,John Musker
1925,Juan José Campanella,Ricardo Darín
1926,Kevin Greutert,Tobin Bell
1927,Daniel Alfredson,Noomi Rapace
1929,Terry Gilliam,Christopher Plummer
1930,Shane Acker,Elijah Wood
1931,Edward Zwick,Daniel Craig
1933,Richard Kelly,Cameron Diaz
1935,Jonathan Mostow,Bruce Willis
1936,Andy Tennant,Jennifer Aniston
1937,Asghar Farhadi,Taraneh Alidoosti
1938,Gaspar Noé,Nathaniel Brown
1939,Ethan Coen,Joel Coen
1940,Nicolas Winding Refn,Tom Hardy
1942,Derrick Borte,Demi Moore
1943,Atom Egoyan,Julianne Moore
1945,Kirk Jones,Robert De Niro
1946,Pierre Morel,John Travolta
1948,Lars von Trier,Willem Dafoe
1949,Jim Sheridan,Jake Gyllenhaal
1950,Iain Softley,Brendan Fraser
1951,Sam Taylor-Johnson,Aaron Taylor-Johnson
1953,Tom Ford,Colin Firth
1954,Guillermo Arriaga,Charlize Theron
1955,Yorgos Lanthimos,Christos Stergioglou
1956,Scott Cooper,Jeff Bridges
1957,Troy Duffy,Sean Patrick Flanery
1958,Joe Wright,Jamie Foxx
1959,Scott Stewart,Paul Bettany
1960,Julie Anne Robinson,Miley Cyrus
1961,Jon Turteltaub,Nicolas Cage
1962,Jim Field Smith,Jay Baruchel
1963,Shawn Levy,Steve Carell
1964,Rob Letterman,Conrad Vernon
1965,Jorma Taccone,Will Forte
1966,Paul Greengrass,Matt Damon
1967,P.J. Hogan,Isla Fisher
1968,Frank Miller,Gabriel Macht
1969,Gary Winick,Amanda Seyfried
1970,Nancy Meyers,Meryl Streep
1971,Oliver Stone,Josh Brolin
1972,Jimmy Hayward,Josh Brolin
1973,Adam Shankman,Adam Sandler
1974,Mark Neveldine,Brian Taylor
1975,Olivier Megaton,Jason Statham
1976,Betty Thomas,Jason Lee
1977,Lexi Alexander,Ray Stevenson
1978,James Wong,Justin Chatwin
1979,Michael Spierig,Peter Spierig
1980,Robert Luketic,Katherine Heigl
1981,Harold Ramis,Jack Black
1983,Steve Carr,Kevin James
1984,Judd Apatow,Adam Sandler
1985,Mark Neveldine,Brian Taylor
1986,Daniel Barber,Michael Caine
1987,David Twohy,Milla Jovovich
1989,Kyle Newman,Dan Fogler
1990,Patrick Lussier,Jensen Ackles
1991,George Tillman Jr.,Jamal Woolard
1992,Joe Johnston,Benicio Del Toro
1993,Floria Sigismondi,Kristen Stewart
1994,Breck Eisner,Radha Mitchell
1995,James McTeigue,Rain
1996,Jean-Marc Vallée,Emily Blunt
1997,Michael Lembeck,Dwayne Johnson
1998,Steven Soderbergh,Matt Damon
1999,Miguel Arteta,Michael Cera
2000,John Erick Dowdle,Jennifer Carpenter
